{
  "experiment": "differentiation_dynamics",
  "mass_ratio": "10:1",
  "ngens": 1000,
  "probe_interval": 25,
  "generations": [
    0,
    25,
    50,
    75,
    100,
    125,
    150,
    175,
    200,
    225,
    250,
    275,
    300,
    325,
    350,
    375,
    400,
    425,
    450,
    475,
    500,
    525,
    550,
    575,
    600,
    625,
    650,
    675,
    700,
    725,
    750,
    775,
    800,
    825,
    850,
    875,
    900,
    925,
    950,
    975,
    999
  ],
  "fitness": [
    51.91273880004883,
    103.18932342529297,
    107.06825256347656,
    118.08592224121094,
    118.08592224121094,
    118.08592224121094,
    118.19095611572266,
    120.58324432373047,
    120.58324432373047,
    120.58324432373047,
    120.58324432373047,
    123.68115997314453,
    123.68115997314453,
    123.68115997314453,
    124.14810180664062,
    124.14810180664062,
    125.48214721679688,
    125.48214721679688,
    125.48214721679688,
    125.48214721679688,
    125.48214721679688,
    125.88243103027344,
    125.88243103027344,
    126.26876831054688,
    126.26876831054688,
    126.26876831054688,
    126.26876831054688,
    126.26876831054688,
    127.80396270751953,
    127.80396270751953,
    127.80396270751953,
    127.80396270751953,
    127.80396270751953,
    127.80396270751953,
    127.80396270751953,
    127.80396270751953,
    127.80396270751953,
    127.80396270751953,
    127.80396270751953,
    127.80396270751953,
    127.80396270751953
  ],
  "r_fx": [
    0.7160448112428339,
    0.05563977331405591,
    0.6640192569188492,
    0.7168223799919005,
    0.7168223799919005,
    0.7166094083731054,
    0.7221214467719619,
    0.5974249302596462,
    0.5974361275960229,
    0.5974361275960229,
    0.600125712996906,
    0.7112144439884485,
    0.7089416161198698,
    0.7055323080476743,
    0.6808884003250806,
    0.6808884003250806,
    0.6970645769996815,
    0.6971668271313025,
    0.6972583471765315,
    0.6956274957068362,
    0.6879999438149539,
    0.6426527561892387,
    0.6467547912075606,
    0.5802439727321761,
    0.5805673823069668,
    0.5802439727321761,
    0.5805200573912449,
    0.5805673823069668,
    0.5932248335995025,
    0.5790722675066595,
    0.5771914563293239,
    0.592346290153403,
    0.5796861105004443,
    0.5895834102157285,
    0.5942311241149373,
    0.5918920295897266,
    0.5931832231999793,
    0.5771731960493707,
    0.5772624162639365,
    0.5916530266309212,
    0.5916704298648088
  ],
  "peak_differentiation_gen": 25,
  "peak_differentiation_rfx": 0.056,
  "final_fitness": 127.8,
  "final_rfx": 0.592,
  "total_time_min": 20.0
}