{
  "G0_fixed_1:1": {
    "masses": [
      1.0,
      1.0
    ],
    "dynamic": false,
    "fitness": 174.95,
    "r_fx": 0.869,
    "final_mass_ratio": 1.0,
    "mass_std_final": 0.0,
    "elapsed_min": 8.3,
    "generations": [
      0,
      50,
      100,
      150,
      200,
      250,
      300,
      350,
      400,
      450,
      499
    ],
    "fitness_log": [
      61.48308181762695,
      161.54541015625,
      166.66763305664062,
      169.500732421875,
      172.4180908203125,
      173.65626525878906,
      173.65626525878906,
      173.65626525878906,
      173.65626525878906,
      174.6992645263672,
      174.95413208007812
    ]
  },
  "G1_dynamic_1:1": {
    "masses": [
      1.0,
      1.0
    ],
    "dynamic": true,
    "fitness": -80.68,
    "r_fx": 0.866,
    "final_mass_ratio": 1.0,
    "mass_std_final": 0.0,
    "elapsed_min": 13.0,
    "generations": [
      0,
      50,
      100,
      150,
      200,
      250,
      300,
      350,
      400,
      450,
      499
    ],
    "fitness_log": [
      -81.2212905883789,
      -81.2212905883789,
      -81.2117691040039,
      -81.05152893066406,
      -81.05152893066406,
      -80.67989349365234,
      -80.67989349365234,
      -80.67989349365234,
      -80.67989349365234,
      -80.67989349365234,
      -80.67989349365234
    ]
  },
  "G2_dynamic_10:1": {
    "masses": [
      3.0,
      0.3
    ],
    "dynamic": true,
    "fitness": -7.44,
    "r_fx": -0.234,
    "final_mass_ratio": 1.0,
    "mass_std_final": 0.0,
    "elapsed_min": 18.9,
    "generations": [
      0,
      50,
      100,
      150,
      200,
      250,
      300,
      350,
      400,
      450,
      499
    ],
    "fitness_log": [
      -17.64745330810547,
      -13.27968978881836,
      -10.728826522827148,
      -10.728826522827148,
      -10.130929946899414,
      -8.704675674438477,
      -7.823232650756836,
      -7.823232650756836,
      -7.823232650756836,
      -7.441257476806641,
      -7.441257476806641
    ]
  }
}