{
  "experiment": "CPG Locomotion Evolution",
  "genome_size": 5,
  "population_size": 200,
  "n_generations": 150,
  "best_fitness": 35.13153967136791,
  "best_genes": {
    "freq": 0.7894427277106867,
    "amp_x": 2.6833828614288624,
    "amp_y": -1.1557891117289878,
    "k_x": -0.4704877086997879,
    "k_y": 0.19546972160890394
  },
  "elapsed_min": 20.3,
  "fitness_history": {
    "best": [
      7.94141732996351,
      9.245139935294732,
      9.85113038867748,
      12.98852343804315,
      13.52369345380415,
      18.974975041959652,
      18.974975041959652,
      19.716093791582065,
      19.716093791582065,
      21.690096011357205,
      22.20955321688224,
      22.2999882475772,
      22.98123918050724,
      23.315540115640964,
      24.939009597123853,
      26.587047628176357,
      26.587047628176357,
      27.3823326849011,
      27.874749702120504,
      28.818625425451888,
      28.818625425451888,
      30.40801808669463,
      30.40801808669463,
      30.72928920766291,
      30.96807093098885,
      31.12976097522036,
      31.12976097522036,
      33.07607755840435,
      33.07607755840435,
      33.07607755840435,
      33.07607755840435,
      33.07607755840435,
      33.07607755840435,
      33.07607755840435,
      33.12513610441627,
      33.12513610441627,
      33.12513610441627,
      33.21619251503336,
      33.21619251503336,
      33.6171696486185,
      33.6171696486185,
      33.6171696486185,
      33.6171696486185,
      33.6171696486185,
      33.6171696486185,
      33.6171696486185,
      33.6171696486185,
      33.95029062151382,
      33.95029062151382,
      33.95029062151382,
      33.95029062151382,
      33.95029062151382,
      33.95029062151382,
      33.95029062151382,
      33.95029062151382,
      33.95029062151382,
      33.95029062151382,
      33.95029062151382,
      33.95029062151382,
      33.95029062151382,
      33.95029062151382,
      33.95029062151382,
      33.95029062151382,
      33.95029062151382,
      33.95029062151382,
      34.22772776968049,
      35.115190955607865,
      35.115190955607865,
      35.115190955607865,
      35.115190955607865,
      35.115190955607865,
      35.115190955607865,
      35.115190955607865,
      35.115190955607865,
      35.115190955607865,
      35.115190955607865,
      35.115190955607865,
      35.115190955607865,
      35.115190955607865,
      35.115190955607865,
      35.115190955607865,
      35.115190955607865,
      35.115190955607865,
      35.115190955607865,
      35.115190955607865,
      35.115190955607865,
      35.115190955607865,
      35.115190955607865,
      35.12619411222222,
      35.12619411222222,
      35.12619411222222,
      35.12619411222222,
      35.12619411222222,
      35.12619411222222,
      35.12831215792356,
      35.12831215792356,
      35.12831215792356,
      35.13106073149575,
      35.13106073149575,
      35.13106073149575,
      35.13106073149575,
      35.13106073149575,
      35.13106073149575,
      35.13106073149575,
      35.13106073149575,
      35.13106073149575,
      35.13106073149575,
      35.13106073149575,
      35.13106073149575,
      35.13153967136791,
      35.13153967136791,
      35.13153967136791,
      35.13153967136791,
      35.13153967136791,
      35.13153967136791,
      35.13153967136791,
      35.13153967136791,
      35.13153967136791,
      35.13153967136791,
      35.13153967136791,
      35.13153967136791,
      35.13153967136791,
      35.13153967136791,
      35.13153967136791,
      35.13153967136791,
      35.13153967136791,
      35.13153967136791,
      35.13153967136791,
      35.13153967136791,
      35.13153967136791,
      35.13153967136791,
      35.13153967136791,
      35.13153967136791,
      35.13153967136791,
      35.13153967136791,
      35.13153967136791,
      35.13153967136791,
      35.13153967136791,
      35.13153967136791,
      35.13153967136791,
      35.13153967136791,
      35.13153967136791,
      35.13153967136791,
      35.13153967136791,
      35.13153967136791,
      35.13153967136791,
      35.13153967136791,
      35.13153967136791,
      35.13153967136791,
      35.13153967136791
    ],