{
  "experiment": "Evolutionary Discovery of Locomotion Patterns",
  "population_size": 120,
  "n_generations": 100,
  "best_fitness": 15.279668569725336,
  "spatial_correlation": -0.026930730971396383,
  "elapsed_min": 11.2,
  "best_genome": [
    [
      0.0008829139914176276,
      -0.47423618480375557,
      1.2109188225854652,
      -0.665208320862151
    ],
    [
      -0.9506526905661452,
      -0.20204947809528168,
      1.001085845416288,
      -0.8686898506411349
    ],
    [
      -0.3038377619264854,
      -0.7055450358583375,
      -1.8871825824276256,
      0.39161228106059176
    ],
    [
      -0.0181145429709198,
      -0.5536822358581892,
      1.9334153582738636,
      -0.42641527648201194
    ],
    [
      0.48921564820751196,
      -0.1482487959351943,
      1.2320670544475902,
      -2.2211413847797252
    ],
    [
      0.7223806620920628,
      -0.440047306314781,
      -1.8463901980253061,
      0.6518184230317717
    ],
    [
      -0.5376050095598787,
      -1.1872164962454768,
      -1.0325699702026683,
      2.46595067675504
    ],
    [
      -1.0110506498336442,
      -0.36290819074430997,
      0.36380451714612616,
      -0.8100160333691493
    ],
    [
      0.9355844467030471,
      -0.2250056509795482,
      0.97968214420824,
      -1.815799800542875
    ],
    [
      -0.5103453001050395,
      -1.1282521056150019,
      -1.7741881695463741,
      1.2416674186257008
    ],
    [
      -0.03410689596015676,
      -0.13438465749464124,
      2.1088403600729935,
      -0.21227466021347663
    ],
    [
      0.587099123711434,
      0.21150388118944652,
      0.11267456096100403,
      0.48153782037829035
    ],
    [
      0.634807745825437,
      -1.1200270590992087,
      -2.021394307115898,
      0.6567145114225732
    ],
    [
      0.2584275360381207,
      -0.5707591168888749,
      -0.4128733780785048,
      0.991507483410993
    ],
    [
      1.5266455296399437,
      -0.8318044503619886,
      -1.3735548833197058,
      1.1115134621545022
    ],
    [
      0.10074557730238541,
      0.8536165506352597,
      1.6307801135877116,
      -0.5105378149944302
    ],
    [
      0.4371926249640813,
      0.4086198939080653,
      -1.6629138936055219,
      0.2664239393870056
    ],
    [
      -1.4388850237980195,
      -1.8382494826194322,
      -0.6575846877016966,
      0.03861461280028225
    ],
    [
      0.11049866047759314,
      -0.9397610465803028,
      2.075404220825908,
      -1.7980329258308625
    ],
    [
      -0.5357636793090025,
      0.09444259496503069,
      1.5395053638439196,
      -0.46427669485630685
    ],
    [
      -0.38934472091626127,
      -0.8777503528523315,
      -0.529564912229912,
      -0.611936673541955
    ],
    [
      -0.5244523348296766,
      0.28670754656035097,
      -0.5641490990080043,
      1.3470915142375095
    ],
    [
      0.9896392722239411,
      0.5473580377078727,
      0.6789522501337462,
      1.9680096862963452
    ],
    [
      0.3663838130184467,
      -0.2773900957403152,
      -0.7771774981195739,
      1.2103983384974994
    ],
    [
      0.411527043433784,
      -0.1146963259216397,
      0.7841234152079888,
      -0.2828628339212377
    ],
    [
      0.47309174419819877,
      0.8840235886602013,
      1.7908075151217568,
      -1.0528315769496455
    ],
    [
      -0.734960502761676,
      0.8811475810994733,
      -0.9319600951123508,
      1.3049731965368754
    ],
    [
      -0.19366164044253958,
      -0.5631776047380865,
      1.346796715705647,
      -0.3592294516335386
    ],
    [
      -0.07581314093812264,
      0.13238590743170892,
      2.058901185052529,
      -2.3075264661800476
    ],
    [
      1.3324790167054432,
      -0.30721884431491076,
      -1.0688765967892548,
      0.019367614760798013
    ],
    [
      0.6613535749696583,
      -0.5587835392020287,
      -1.4372866989573898,
      0.00737934367222861
    ],
    [
      0.008748355573565486,
      0.45663922939488266,
      2.5276045537128975,
      1.124019752792963
    ],
    [
      -0.9111744565197883,
      -1.225340184204064,
      0.9570213845837466,
      -0.3057527726238213
    ],
    [
      -0.27421056282948697,
      0.21364139815329763,
      0.23229527169875497,
      0.7868893510196824
    ],
    [
      0.27358743106346706,
      -0.13007809386568253,
      0.44391035491933484,
      0.5926791200351426
    ],
    [
      0.3743591487330255,
      1.3390516365477376,
      -0.4141554445839887,
      0.7509626567786389
    ]
  ],
  "fitness_history": {
    "best": [
      2.933579115552577,
      3.4380388511227213,
      3.4380388511227213,
      3.4380388511227213,
      3.4380388511227213,
      3.7693105240958573,
      3.943087247275999,
      3.943087247275999,
      4.294009871274427,
      4.294009871274427,
      4.294009871274427,
      4.294009871274427,
      4.294009871274427,
      4.294009871274427,
      4.294009871274427,
      4.6773396066391,
      5.551938746370257,
      5.551938746370257,
      5.705558116627894,
      5.705558116627894,
      5.705558116627894,
      6.33977963666919,
      6.33977963666919,
      6.33977963666919,
      7.966628671445239,
      7.966628671445239,
      7.966628671445239,
      8.118024932963015,
      8.118024932963015,
      8.118024932963015,
      8.118024932963015,
      8.118024932963015,
      8.150880517951718,
      8.150880517951718,
      8.93034778857479,
      8.987761721404379,
      9.439801035671204,
      9.439801035671204,
      9.439801035671204,
      9.439801035671204,
      9.793567955867266,
      9.793567955867266,
      9.793567955867266,
      9.793567955867266,
      10.98682863843869,
      10.98682863843869,
      10.98682863843869,
      10.98682863843869,
      10.98682863843869,
      10.98682863843869,
      11.000906493593769,
      11.000906493593769,
      11.22048781617442,
      11.22048781617442,
      11.22048781617442,
      11.22048781617442,
      11.22048781617442,
      11.38397753871263,
      11.448193829924598,
      11.448193829924598,
      11.499556417163285,
      11.499556417163285,
      11.499556417163285,
      11.499556417163285,
      12.497876640196237,
      12.497876640196237,
      12.497876640196237,
      12.497876640196237,
      12.497876640196237,
      12.497876640196237,
      12.497876640196237,
      12.497876640196237,
      12.52024023635773,
      12.52024023635773,
      13.364162349605772,
      13.364162349605772,
      13.364162349605772,
      13.364162349605772,
      13.461476038959008,
      13.461476038959008,
      13.461476038959008,
      15.279668569725336,
      15.279668569725336,
      15.279668569725336,
      15.279668569725336,
      15.279668569725336,
      15.279668569725336,
      15.279668569725336,
      15.279668569725336,
      15.279668569725336,
      15.279668569725336,
      15.279668569725336,
      15.279668569725336,
      15.279668569725336,
      15.279668569725336,
      15.279668569725336,
      15.279668569725336,
      15.279668569725336,
      15.279668569725336,
      15.279668569725336
    ],