{
  "experiment": "NN Controller Evolution",
  "nn_architecture": {
    "input": 4,
    "hidden": 16,
    "output": 2,
    "total_params": 115
  },
  "ga_config": {
    "population": 300,
    "generations": 300,
    "mutation_rate": 0.15,
    "mutation_sigma": 0.3
  },
  "best_fitness": 261.6517613829875,
  "optimal_target": 68.79,
  "beaten_optimal": "True",
  "evolved_freq": 3.192352789298633,
  "elapsed_min": 10.1,
  "fitness_history": {
    "best": [
      34.54948614073395,
      119.0339498700253,
      180.20684909483472,
      219.04131689864482,
      219.04131689864482,
      227.04378501529936,
      227.04378501529936,
      227.04378501529936,
      242.4107237271943,
      242.4107237271943,
      246.7558763347872,
      246.7558763347872,
      247.48257295647596,
      247.48257295647596,
      248.32733758283555,
      250.7943337422015,
      250.7943337422015,
      250.7943337422015,
      253.11952775582262,
      253.11952775582262,
      255.69846434983134,
      255.69846434983134,
      256.3558718902439,
      256.3558718902439,
      256.3558718902439,
      256.3558718902439,
      256.3558718902439,
      256.3558718902439,
      256.3558718902439,
      256.55909054143314,
      261.6517613829875,
      261.6517613829875,
      261.6517613829875,
      261.6517613829875,
      261.6517613829875,
      261.6517613829875,
      261.6517613829875,
      261.6517613829875,
      261.6517613829875,
      261.6517613829875,
      261.6517613829875,
      261.6517613829875,
      261.6517613829875,
      261.6517613829875,
      261.6517613829875,
      261.6517613829875,
      261.6517613829875,
      261.6517613829875,
      261.6517613829875,
      261.6517613829875,
      261.6517613829875,
      261.6517613829875
    ],
    "avg": [
      -5.665143020522719,
      -1.4595492267843535,
      19.586547175051887,
      58.52021379208176,
      98.47021069070739,
      127.67530509249188,
      152.81234241129698,
      162.95844677608076,
      171.82282272808442,
      185.03036110203345,
      193.96052408827924,
      201.48422912117135,
      205.92179579895227,
      209.55071663855483,
      211.9957835624844,
      215.19633010141567,
      216.53389308994045,
      217.06846232642792,
      222.95833181329547,
      220.11697052028592,
      221.32160369168434,
      222.14830291266802,
      223.3126945882009,
      222.83756362827208,
      225.47747016657425,
      225.452174361363,
      223.7119104136678,
      226.2688059159573,
      225.95162657812995,
      225.34162528831803,
      225.7835703311062,
      226.6839024349102,
      226.91601267667934,
      228.09796844592114,
      228.70981601179878,
      228.96039638135923,
      229.41482370892035,
      229.791761198103,
      229.404452484538,
      230.51828487254892,
      230.46498336668515,
      231.87470070877262,
      230.48126596350247,
      231.45522876039976,
      231.06244387402776,
      232.84326281653236,
      231.09401790454558,
      231.9822781921458,
      231.88646528135283,
      232.41812951284763,
      233.35886747960294,
      233.87556914333874
    ]
  },
  "figure": "C:\\Users\\kyjan\\\u7814\u7a76\\morphable-locomotion\\figures\\evolution_nn.png"
}