{
  "experiment": "Evolutionary Discovery with Energy Penalty",
  "energy_penalty_alpha": 0.003,
  "population_size": 120,
  "n_generations": 100,
  "best_fitness": -1043.5290427348978,
  "spatial_correlation": 0.004946806413184688,
  "elapsed_min": 11.6,
  "best_genome": [
    [
      -1.8915095026004494,
      -1.2270099762165558,
      -0.016461755031790523,
      -0.023757893322433637
    ],
    [
      -0.6544069962610652,
      0.060409508589752074,
      0.06276132943126805,
      0.19756959483172432
    ],
    [
      0.4725071560189658,
      -1.00082708318975,
      0.09669842269762036,
      0.15130465008842472
    ],
    [
      -0.8377831801288398,
      -0.9574241839465467,
      0.026191977088282692,
      0.05748436603071011
    ],
    [
      -0.13032658906357628,
      -1.026610870718132,
      0.07440453638473891,
      0.15512093718322736
    ],
    [
      0.7904165916449223,
      -0.6502297759241731,
      -0.1389965519085378,
      -0.1485671888225754
    ],
    [
      0.5114440903941215,
      1.0285023734781473,
      -0.059016853319478424,
      0.005404099519561112
    ],
    [
      -0.2895510082602373,
      -2.19294220803741,
      0.04229980333570632,
      -0.1648207079455996
    ],
    [
      -0.49360894674035327,
      0.46991082856902877,
      -0.0029326698380196525,
      -0.10537120616700565
    ],
    [
      -3.173454797125344,
      -0.25118924946658494,
      -0.10766752937014346,
      0.04564997089430828
    ],
    [
      0.07471074247447035,
      0.10438196392323212,
      0.05076832861110986,
      0.056747299737699625
    ],
    [
      -0.006359534438026004,
      0.163051892316207,
      0.023153185999264914,
      0.11828701354103716
    ],
    [
      -1.094742935147686,
      -0.4823518502139793,
      -0.06815507143104046,
      0.5146253496198855
    ],
    [
      0.4117813111601608,
      0.14629759283339655,
      -0.005937656019436216,
      0.08286464076973996
    ],
    [
      -0.21663854566086774,
      -1.5252322405661276,
      0.060746016709710915,
      0.36083643323963055
    ],
    [
      -0.9458896233947477,
      0.016711396275354687,
      0.15951870593636497,
      0.17591683689026522
    ],
    [
      -0.3853046898849727,
      -0.16118493090867794,
      -0.2718593490891925,
      0.14658658585538276
    ],
    [
      -0.6827046588486547,
      -0.5700255730554141,
      0.13049756713232602,
      0.197864044215918
    ],
    [
      0.7160232139764454,
      -0.16307827033984879,
      0.019340680344498092,
      0.10994043676339463
    ],
    [
      0.7183170591867063,
      1.471269117625365,
      0.050731981451942285,
      -0.08848547593744885
    ],
    [
      -0.2897322420171686,
      0.5415299308102532,
      -0.05241496047947371,
      -0.015147565914099291
    ],
    [
      -1.1459533674994336,
      0.26776495048072535,
      0.02107140051658464,
      0.23016340833066712
    ],
    [
      -0.028134632624041034,
      0.17262747067239242,
      -0.17759765416981976,
      -0.04149475672738932
    ],
    [
      1.4301736793183333,
      -0.5552806120515393,
      -0.2035994842120286,
      -0.08805734373563628
    ],
    [
      -1.0076016730535355,
      0.1958837627724465,
      0.07621279329032865,
      0.23015903008708546
    ],
    [
      -0.5343441942524747,
      0.4717648329409061,
      -0.1920195809278833,
      0.02143522296517958
    ],
    [
      0.6916032047195745,
      -0.6221248447474413,
      0.07795187373644273,
      0.19259063218021694
    ],
    [
      -0.5295586599694075,
      1.3921946669362912,
      -0.08240898921176029,
      -0.30162281233850896
    ],
    [
      1.6988626987735862,
      1.7248294830290032,
      -0.38499488202053606,
      0.2853317907590617
    ],
    [
      0.08097479047327669,
      0.46541510575662043,
      0.18124030127801827,
      0.1204376094134282
    ],
    [
      -0.3483275068548615,
      0.26523762769777026,
      -0.23423809905062493,
      -0.039598683272555224
    ],
    [
      -0.8976729684599217,
      0.27778606146570695,
      0.11211948826348325,
      0.23898736766470807
    ],
    [
      -0.7289935461396779,
      0.673776667517894,
      0.21068222662383396,
      0.21902265595644763
    ],
    [
      -1.1765642288726184,
      0.5023894217933509,
      -0.13236720369609062,
      0.07410811934355471
    ],
    [
      -1.1951529744817289,
      0.24278800922845872,
      0.01482041814472393,
      -0.22041391139332075
    ],
    [
      1.3298091105952885,
      0.6573020977314684,
      0.07722807344249313,
      -0.07593390330301664
    ]
  ],
  "fitness_history": {
    "best": [
      -6124.686016761063,
      -5309.254098336239,
      -4856.528119742954,
      -4669.296451097856,
      -4355.9526747733535,
      -4079.7601202672126,
      -3901.236008208944,
      -3874.0148045279584,
      -3614.307366880752,
      -3236.630076089569,
      -3236.630076089569,
      -3236.630076089569,
      -3236.630076089569,
      -2865.6260779342224,
      -2726.5433200808884,
      -2726.5433200808884,
      -2726.5433200808884,
      -2594.7737674307887,
      -2320.3656854753117,
      -2307.628889419989,
      -2208.927970485382,
      -2174.717536848805,
      -2147.4827043934583,
      -2147.4827043934583,
      -2147.4827043934583,
      -1991.7058255771617,
      -1991.7058255771617,
      -1991.7058255771617,
      -1945.9860438701805,
      -1921.5231945966293,
      -1778.6143788248505,
      -1778.6143788248505,
      -1717.2956657646275,
      -1717.2956657646275,
      -1717.2956657646275,
      -1605.3174753851285,
      -1605.3174753851285,
      -1605.3174753851285,
      -1605.3174753851285,
      -1605.3174753851285,
      -1592.3538309025803,
      -1592.3538309025803,
      -1592.3538309025803,
      -1592.3538309025803,
      -1586.5015167463434,
      -1586.5015167463434,
      -1454.8338163098324,
      -1454.8338163098324,
      -1454.8338163098324,
      -1343.0984400909188,
      -1343.0984400909188,
      -1343.0984400909188,
      -1343.0984400909188,
      -1343.0984400909188,
      -1343.0984400909188,
      -1343.0984400909188,
      -1294.8521447224343,
      -1294.8521447224343,
      -1175.3085002168038,
      -1175.3085002168038,
      -1175.3085002168038,
      -1175.3085002168038,
      -1175.3085002168038,
      -1175.3085002168038,
      -1175.3085002168038,
      -1175.3085002168038,
      -1175.3085002168038,
      -1175.3085002168038,
      -1175.3085002168038,
      -1175.3085002168038,
      -1175.3085002168038,
      -1175.3085002168038,
      -1175.3085002168038,
      -1175.3085002168038,
      -1175.3085002168038,
      -1118.0840592888562,
      -1118.0840592888562,
      -1118.0840592888562,
      -1118.0840592888562,
      -1118.0840592888562,
      -1118.0840592888562,
      -1118.0840592888562,
      -1118.0840592888562,
      -1118.0840592888562,
      -1118.0840592888562,
      -1118.0840592888562,
      -1118.0840592888562,
      -1118.0840592888562,
      -1118.0840592888562,
      -1118.0840592888562,
      -1118.0840592888562,
      -1118.0840592888562,
      -1043.5290427348978,
      -1043.5290427348978,
      -1043.5290427348978,
      -1043.5290427348978,
      -1043.5290427348978,
      -1043.5290427348978,
      -1043.5290427348978,
      -1043.5290427348978
    ],