{
  "experiment": "Evolutionary Discovery with Energy Penalty",
  "energy_penalty_alpha": 0.0003,
  "population_size": 120,
  "n_generations": 100,
  "best_fitness": -90.37310309526815,
  "spatial_correlation": 0.0999498213615922,
  "elapsed_min": 11.5,
  "best_genome": [
    [
      0.001728285755808856,
      -0.2909587740967247,
      0.0014226708042869296,
      0.07839661877275943
    ],
    [
      0.17019108593401086,
      0.4902666288073532,
      0.06415349095551637,
      0.06125046103500553
    ],
    [
      0.05308083164030497,
      0.3720903748761144,
      0.2571707009608016,
      0.13056389645902755
    ],
    [
      0.7735019357380083,
      0.029280769465303114,
      0.1386990150559731,
      -0.02693368027555121
    ],
    [
      0.43555992984639147,
      0.3321654194276491,
      -0.0005266895207378525,
      -0.10690733488713683
    ],
    [
      -1.5271430519758409,
      -0.6512567517488222,
      0.08012221867776201,
      0.2138741629143609
    ],
    [
      1.1692722711965737,
      0.328636746886411,
      -0.17116075901173677,
      -0.08780205295404975
    ],
    [
      -0.8167541676566963,
      -1.3479665947455597,
      0.037118009568094926,
      0.20826570718207904
    ],
    [
      0.9272266524145062,
      -0.19843539081440195,
      -0.14654268382963026,
      0.5619383740048686
    ],
    [
      0.378266825793839,
      -0.27458928547624706,
      0.14702603149743937,
      -0.013379866828456377
    ],
    [
      -0.6776016486930136,
      -1.0919095333918336,
      -0.1001365385700812,
      0.07428206363869172
    ],
    [
      0.3355418142314226,
      1.6357710159776397,
      0.14449645869926567,
      0.29418171430493634
    ],
    [
      0.32145779896925597,
      -0.636920275648617,
      -0.07327487269233135,
      0.5217880424734564
    ],
    [
      0.41610719744656766,
      -0.09975221831754458,
      -0.035822359505713594,
      0.03192738496609768
    ],
    [
      0.06750854531806083,
      0.6100965124804885,
      0.01799171990343318,
      -0.04158959187419933
    ],
    [
      1.406533082074786,
      -0.18463786906213564,
      0.16513054548540573,
      0.1455897500103179
    ],
    [
      -0.7595694807706247,
      1.1713854471371539,
      0.19037734083780075,
      -0.15565715197152258
    ],
    [
      -0.5050303639727806,
      -1.1193074406699663,
      0.04868678815214014,
      0.31968975494559626
    ],
    [
      -1.027114324674147,
      -0.9621893436774827,
      0.016323581666336795,
      0.007298306299230645
    ],
    [
      -0.4242121862276554,
      -0.49916483910714965,
      -0.05372751996915806,
      0.19984061138821027
    ],
    [
      0.2566719254984019,
      -0.3535390133757016,
      0.015239719523205485,
      0.0193170087907769
    ],
    [
      0.11943907837215986,
      1.3879316758824465,
      -0.053913505822951915,
      -0.06441201060071641
    ],
    [
      -1.201428036166158,
      -0.7359164543109845,
      0.030381580026836275,
      -0.3004790669070938
    ],
    [
      -1.0979810954027882,
      0.6495551319343221,
      0.09002010563145371,
      0.11093233567051719
    ],
    [
      -0.021744478320717603,
      -0.2703638303081802,
      -0.1005286353243839,
      -0.25637701088202236
    ],
    [
      -1.1571112019993515,
      -0.7765603987345281,
      -0.04434751159075309,
      0.17086598765150557
    ],
    [
      0.07735686457193958,
      0.19585730793365053,
      -0.023965305376218507,
      -0.051119007141349815
    ],
    [
      0.5520622103741061,
      0.11571641226688248,
      0.07085760942618448,
      -0.0542052113409176
    ],
    [
      -0.21248931181917305,
      -0.16695952702361455,
      0.07599095376863502,
      -0.20683346663156074
    ],
    [
      0.7921751696310899,
      0.7532478880524514,
      0.06631462041384495,
      0.10782162535126014
    ],
    [
      -0.1100071802262586,
      0.9410574364719896,
      -0.24493763521656328,
      0.06480869416308241
    ],
    [
      0.2812805543631824,
      0.7667400860136753,
      0.019291585000141498,
      0.04936242232205368
    ],
    [
      -0.871025867734001,
      0.5479037228916734,
      0.043426841339579816,
      -0.41309566188366864
    ],
    [
      -0.10279516329840471,
      -1.8226756864892522,
      -0.039657878209246045,
      0.19412662675986414
    ],
    [
      -0.9590616335744753,
      -0.4035102789175723,
      0.026398217759280355,
      -0.04312636938210951
    ],
    [
      -0.44103311268293693,
      0.4765451597394404,
      0.37612045916679104,
      0.0560146578318165
    ]
  ],
  "fitness_history": {
    "best": [
      -580.6399066359489,
      -527.9912919962444,
      -502.6998475825888,
      -488.19500497463633,
      -462.42909287419076,
      -404.96449406725526,
      -381.09979507018346,
      -375.3189168382756,
      -334.36089043183006,
      -334.36089043183006,
      -325.5803593741785,
      -294.448831151741,
      -294.448831151741,
      -281.85376563333824,
      -281.85376563333824,
      -255.92407384814305,
      -232.82111613493527,
      -232.82111613493527,
      -232.82111613493527,
      -178.93502913462893,
      -178.93502913462893,
      -178.93502913462893,
      -178.93502913462893,
      -178.93502913462893,
      -178.93502913462893,
      -178.93502913462893,
      -151.47509116590072,
      -151.47509116590072,
      -151.47509116590072,
      -151.47509116590072,
      -151.47509116590072,
      -151.47509116590072,
      -151.47509116590072,
      -151.47509116590072,
      -151.47509116590072,
      -151.47509116590072,
      -147.6604112637994,
      -147.6604112637994,
      -147.6604112637994,
      -147.6604112637994,
      -143.94847099380277,
      -129.5458207282849,
      -129.5458207282849,
      -127.86877366190411,
      -127.86877366190411,
      -123.13944577881335,
      -123.13944577881335,
      -123.13944577881335,
      -123.13944577881335,
      -123.13944577881335,
      -123.13944577881335,
      -123.13944577881335,
      -123.13944577881335,
      -123.13944577881335,
      -123.13944577881335,
      -123.13944577881335,
      -121.25802010380836,
      -121.25802010380836,
      -121.25802010380836,
      -109.77347811887259,
      -109.77347811887259,
      -109.77347811887259,
      -109.77347811887259,
      -109.77347811887259,
      -109.77347811887259,
      -109.77347811887259,
      -109.77347811887259,
      -109.77347811887259,
      -109.77347811887259,
      -109.77347811887259,
      -96.6064496143859,
      -96.6064496143859,
      -96.6064496143859,
      -96.6064496143859,
      -96.6064496143859,
      -96.6064496143859,
      -96.6064496143859,
      -96.6064496143859,
      -96.6064496143859,
      -96.6064496143859,
      -96.6064496143859,
      -95.8159460091252,
      -91.65738915397712,
      -91.65738915397712,
      -91.65738915397712,
      -91.65738915397712,
      -91.65738915397712,
      -91.65738915397712,
      -91.65738915397712,
      -91.65738915397712,
      -91.65738915397712,
      -91.65738915397712,
      -90.37310309526815,
      -90.37310309526815,
      -90.37310309526815,
      -90.37310309526815,
      -90.37310309526815,
      -90.37310309526815,
      -90.37310309526815,
      -90.37310309526815
    ],