{
  "experiment": "Extended CPG vs Handcoded Optimal",
  "genome_size": 12,
  "target_fitness": 68.79,
  "best_fitness": 41.346157719132094,
  "beat_target": false,
  "best_genes": {
    "freq1": 1.6712195622727668,
    "amp_x1": 2.306858336257914,
    "amp_y1": -0.9172488603261152,
    "k_x1": 0.17972621275190487,
    "k_y1": -0.3111320308756818,
    "freq2": 1.1459415950586405,
    "amp_x2": -1.9525335519741933,
    "amp_y2": 0.22827849204699266,
    "k_x2": 0.08104252454100794,
    "k_y2": -0.5533929576266783,
    "asym": -0.17666932063225543,
    "height_mod": 0.02008065170846041
  },
  "population_size": 300,
  "n_generations": 200,
  "elapsed_min": 41.5,
  "fitness_history": {
    "best": [
      10.694415780938952,
      11.710021574514611,
      16.433527494511537,
      16.433527494511537,
      17.316984626299153,
      22.09709723803238,
      22.498692241109797,
      22.89553700655877,
      23.323376691105423,
      24.898815407719322,
      25.270713859346994,
      26.306037487048567,
      28.505967001339837,
      29.81150740095255,
      29.81150740095255,
      29.81150740095255,
      30.076411730798057,
      31.08155264786316,
      31.08155264786316,
      31.08155264786316,
      31.592550783671495,
      32.57809463100225,
      32.57809463100225,
      32.57809463100225,
      32.638411508463406,
      32.84221177466512,
      33.05307159264872,
      33.111643177882456,
      33.87637531777643,
      34.035630842383256,
      34.035630842383256,
      34.35272635412829,
      34.46548473273724,
      34.490551164533166,
      34.57873542629054,
      34.98193906827482,
      34.98193906827482,
      34.98872837546438,
      35.023076227445955,
      35.09283622181308,
      35.421458285221725,
      35.682662543582914,
      35.71461343209666,
      35.948584865410325,
      35.948584865410325,
      36.07700627297626,
      36.15293714533432,
      36.48166470371339,
      36.48166470371339,
      36.707347465742835,
      36.7746898111974,
      36.96290814482086,
      36.96290814482086,
      37.01534538333338,
      37.01534538333338,
      37.261622988694995,
      37.59568343131602,
      37.59568343131602,
      37.59568343131602,
      37.59568343131602,
      37.66712555194089,
      37.873882589563465,
      37.873882589563465,
      37.873882589563465,
      38.14623351505896,
      38.14623351505896,
      38.35951338289577,
      38.35951338289577,
      38.35951338289577,
      38.40734080665502,
      38.455596637770974,
      38.455596637770974,
      38.623533541869094,
      38.623533541869094,
      38.623533541869094,
      38.623533541869094,
      38.623533541869094,
      38.623533541869094,
      38.82294293629017,
      38.82294293629017,
      38.82294293629017,
      38.82294293629017,
      38.82294293629017,
      38.82294293629017,
      38.91808444093282,
      38.91808444093282,
      38.987427240675146,
      39.006286791818525,
      39.15062966783871,
      39.15062966783871,
      39.15062966783871,
      39.21571255521152,
      39.21897809881101,
      39.21897809881101,
      39.30062250025981,
      39.57184442222387,
      39.611758436873295,
      39.611758436873295,
      39.611758436873295,
      39.645165421026896,
      39.705417497609375,
      39.80557704822381,
      39.80557704822381,
      39.80557704822381,
      39.894570486687684,
      39.9107164263675,
      39.9107164263675,
      39.9107164263675,
      39.915101480104674,
      39.915101480104674,
      39.915101480104674,
      39.988663084787774,
      39.988663084787774,
      39.988663084787774,
      40.00262048311963,
      40.081334826911366,
      40.081334826911366,
      40.27996199295744,
      40.27996199295744,
      40.27996199295744,
      40.27996199295744,
      40.27996199295744,
      40.31881623290719,
      40.31881623290719,
      40.31881623290719,
      40.36787593271821,
      40.36787593271821,
      40.36787593271821,
      40.36787593271821,
      40.36787593271821,
      40.36787593271821,
      40.36880826853702,
      40.48797828373969,
      40.48797828373969,
      40.48797828373969,
      40.48797828373969,
      40.48797828373969,
      40.48797828373969,
      40.72841509532587,
      40.72841509532587,
      40.72841509532587,
      40.72841509532587,
      40.72841509532587,
      40.72841509532587,
      40.72841509532587,
      40.72841509532587,
      40.72841509532587,
      40.72841509532587,
      40.72841509532587,
      40.82491087920046,
      40.82491087920046,
      40.82491087920046,
      40.82491087920046,
      40.82491087920046,
      40.82491087920046,
      40.82491087920046,
      40.82491087920046,
      40.82491087920046,
      40.82491087920046,
      40.82491087920046,
      40.82491087920046,
      40.82491087920046,
      40.82491087920046,
      40.83597637212404,
      40.89807739917297,
      40.95151997612253,
      40.95151997612253,
      40.95151997612253,
      40.95151997612253,
      40.95151997612253,
      40.95151997612253,
      40.95151997612253,
      40.95151997612253,
      40.95151997612253,
      40.95151997612253,
      41.10016437791723,
      41.10016437791723,
      41.10016437791723,
      41.10016437791723,
      41.10016437791723,
      41.10016437791723,
      41.10016437791723,
      41.10016437791723,
      41.10016437791723,
      41.10016437791723,
      41.12316450937911,
      41.20645987888544,
      41.27815887615051,
      41.27815887615051,
      41.27815887615051,
      41.27815887615051,
      41.27815887615051,
      41.27815887615051,
      41.27815887615051,
      41.27815887615051,
      41.302689657345326,
      41.302689657345326,
      41.302689657345326,
      41.346157719132094,
      41.346157719132094
    ],