{
  "experiment": "V2.1 Animation",
  "fitness": 166.32473754882812,
  "n_frames": 120,
  "displacement": 178.84132385253906
}