{
  "blind": {
    "gaps": [
      14.090682983398438,
      11.8968505859375,
      9.662460327148438,
      14.9671630859375,
      13.649627685546875
    ],
    "f0": [
      147.05995178222656,
      150.738525390625,
      153.60079956054688,
      148.83676147460938,
      147.81082153320312
    ],
    "f1": [
      161.150634765625,
      162.6353759765625,
      163.2632598876953,
      163.80392456054688,
      161.46044921875
    ],
    "e0": [
      11.909963607788086,
      11.425865173339844,
      11.127336502075195,
      11.845735549926758,
      11.806325912475586
    ],
    "e1": [
      6.394782543182373,
      6.142787933349609,
      6.4360198974609375,
      4.65792179107666,
      5.442389011383057
    ],
    "separations": [
      0,
      0,
      0,
      0,
      0
    ],
    "recombinations": [
      0,
      0,
      0,
      0,
      0
    ],
    "mean_gap": 12.85335693359375,
    "std_gap": 1.8830785888941792,
    "mean_f0": 149.6093719482422,
    "mean_f1": 162.46272888183594,
    "mean_e0": 11.623045349121094,
    "mean_e1": 5.814780235290527,
    "mean_sep": 0.0,
    "mean_reco": 0.0
  },
  "obs_only": {
    "gaps": [
      6.97088623046875,
      10.713348388671875,
      12.19244384765625,
      15.72637939453125,
      13.287551879882812
    ],
    "f0": [
      153.18670654296875,
      152.76779174804688,
      150.65338134765625,
      148.54412841796875,
      155.46018981933594
    ],
    "f1": [
      160.1575927734375,
      163.48114013671875,
      162.8458251953125,
      164.2705078125,
      168.74774169921875
    ],
    "e0": [
      10.176154136657715,
      11.581249237060547,
      11.224895477294922,
      12.696077346801758,
      13.149067878723145
    ],
    "e1": [
      6.750175952911377,
      6.632719039916992,
      5.682227611541748,
      6.182801723480225,
      6.965996265411377
    ],
    "separations": [
      0,
      0,
      0,
      0,
      0
    ],
    "recombinations": [
      0,
      0,
      0,
      0,
      0
    ],
    "mean_gap": 11.778121948242188,
    "std_gap": 2.9079902405764866,
    "mean_f0": 152.1224395751953,
    "mean_f1": 163.9005615234375,
    "mean_e0": 11.765488815307616,
    "mean_e1": 6.442784118652344,
    "mean_sep": 0.0,
    "mean_reco": 0.0
  },
  "DIVORCE": {
    "gaps": [
      -6.81695556640625,
      -4.4989013671875,
      8.00665283203125,
      -5.0562286376953125,
      -2.2615966796875
    ],
    "f0": [
      149.835205078125,
      149.09576416015625,
      131.977783203125,
      138.2613067626953,
      139.90643310546875
    ],
    "f1": [
      143.01824951171875,
      144.59686279296875,
      139.98443603515625,
      133.205078125,
      137.64483642578125
    ],
    "e0": [
      9.612115859985352,
      9.448205947875977,
      11.103926658630371,
      9.871073722839355,
      10.37611198425293
    ],
    "e1": [
      9.169140815734863,
      7.426182270050049,
      5.487179279327393,
      3.7716257572174072,
      5.342658042907715
    ],
    "separations": [
      15,
      11,
      9,
      7,
      12
    ],
    "recombinations": [
      14,
      10,
      8,
      6,
      11
    ],
    "mean_gap": -2.1254058837890626,
    "std_gap": 5.270882336055523,
    "mean_f0": 141.81529846191407,
    "mean_f1": 139.689892578125,
    "mean_e0": 10.082286834716797,
    "mean_e1": 6.239357233047485,
    "mean_sep": 10.8,
    "mean_reco": 9.8
  },
  "blind_spring": {
    "gaps": [
      11.03155517578125,
      -15.303955078125,
      10.408187866210938,
      -13.321441650390625,
      4.240692138671875
    ],
    "f0": [
      151.26405334472656,
      148.8162841796875,
      152.9400177001953,
      141.6641387939453,
      142.39122009277344
    ],
    "f1": [
      162.2956085205078,
      133.5123291015625,
      163.34820556640625,
      128.3426971435547,
      146.6319122314453
    ],
    "e0": [
      10.781953811645508,
      7.988099098205566,
      11.517587661743164,
      9.750442504882812,
      8.42212200164795
    ],
    "e1": [
      6.089105606079102,
      9.200370788574219,
      6.581202030181885,
      3.6530568599700928,
      6.790874004364014
    ],
    "separations": [
      0,
      7,
      0,
      8,
      7
    ],
    "recombinations": [
      0,
      6,
      0,
      7,
      6
    ],
    "mean_gap": -0.5889923095703125,
    "std_gap": 11.471236577143769,
    "mean_f0": 147.41514282226564,
    "mean_f1": 146.8261505126953,
    "mean_e0": 9.692041015625,
    "mean_e1": 6.462921857833862,
    "mean_sep": 4.4,
    "mean_reco": 3.8
  }
}