{
  "1:1": {
    "r_fx": 0.616,
    "neural_dist_mean": 1.5121138095855713,
    "neural_dist_std": 0.14747951924800873
  },
  "3:1": {
    "r_fx": 0.856,
    "neural_dist_mean": 2.3973450660705566,
    "neural_dist_std": 0.08701644837856293
  },
  "10:1": {
    "r_fx": 0.987,
    "neural_dist_mean": 2.0051321983337402,
    "neural_dist_std": 0.07447117567062378
  }
}