{
  "FFN": {
    "gaps": [
      15.514602661132812,
      19.531265258789062,
      18.013397216796875,
      12.74078369140625,
      16.582870483398438
    ],
    "f0": [
      149.81838989257812,
      144.9827880859375,
      146.81643676757812,
      152.09512329101562,
      146.9419708251953
    ],
    "f1": [
      165.33299255371094,
      164.51405334472656,
      164.829833984375,
      164.83590698242188,
      163.52484130859375
    ],
    "e0": [
      11.117352485656738,
      11.85699462890625,
      11.028363227844238,
      10.759031295776367,
      11.069708824157715
    ],
    "e1": [
      5.945814609527588,
      5.346573352813721,
      5.023899078369141,
      6.5121026039123535,
      5.542086601257324
    ],
    "alternation": [
      0.2,
      0.2,
      0.2,
      0.2,
      0.2
    ],
    "mean_gap": 16.476583862304686,
    "std_gap": 2.3058959783428943,
    "mean_f0": 148.13094177246094,
    "mean_f1": 164.60752563476564,
    "mean_e0": 11.166290092468262,
    "mean_e1": 5.674095249176025,
    "mean_alt": 0.2
  },
  "RNN": {
    "gaps": [
      21.100143432617188,
      20.0072021484375,
      20.016464233398438,
      17.757888793945312,
      21.537567138671875
    ],
    "f0": [
      140.95407104492188,
      145.05653381347656,
      143.35891723632812,
      146.33103942871094,
      142.26296997070312
    ],
    "f1": [
      162.05421447753906,
      165.06373596191406,
      163.37538146972656,
      164.08892822265625,
      163.800537109375
    ],
    "e0": [
      11.308879852294922,
      11.065515518188477,
      11.727208137512207,
      11.521031379699707,
      11.610943794250488
    ],
    "e1": [
      4.275496006011963,
      4.396449565887451,
      5.055051803588867,
      5.601735591888428,
      4.431756019592285
    ],
    "alternation": [
      0.2,
      0.2,
      0.2,
      0.2,
      0.2
    ],
    "mean_gap": 20.08385314941406,
    "std_gap": 1.3089428656103046,
    "mean_f0": 143.59270629882812,
    "mean_f1": 163.6765594482422,
    "mean_e0": 11.44671573638916,
    "mean_e1": 4.752097797393799,
    "mean_alt": 0.2
  },
  "RNN+Obs": {
    "gaps": [
      16.661209106445312,
      16.960678100585938,
      22.754165649414062,
      24.497848510742188,
      19.807449340820312
    ],
    "f0": [
      147.9862823486328,
      147.76461791992188,
      141.55455017089844,
      140.25723266601562,
      144.09713745117188
    ],
    "f1": [
      164.64749145507812,
      164.7252960205078,
      164.3087158203125,
      164.7550811767578,
      163.9045867919922
    ],
    "e0": [
      12.1126708984375,
      10.932130813598633,
      11.844500541687012,
      11.927517890930176,
      11.086353302001953
    ],
    "e1": [
      6.55893611907959,
      5.278571128845215,
      4.25977897644043,
      3.7615678310394287,
      4.4838666915893555
    ],
    "alternation": [
      0.2,
      0.2,
      0.2,
      0.2,
      0.2
    ],
    "mean_gap": 20.136270141601564,
    "std_gap": 3.1030726671487954,
    "mean_f0": 144.33196411132812,
    "mean_f1": 164.46823425292968,
    "mean_e0": 11.580634689331054,
    "mean_e1": 4.8685441493988035,
    "mean_alt": 0.2
  }
}