{
  "HONEST": {
    "gaps": [
      12.623611450195312,
      -10.12860107421875,
      -17.338180541992188,
      15.936279296875,
      -5.2042694091796875
    ],
    "f0": [
      150.92176818847656,
      150.42938232421875,
      147.16114807128906,
      145.95040893554688,
      141.47296142578125
    ],
    "f1": [
      163.54537963867188,
      140.30078125,
      129.82296752929688,
      161.88668823242188,
      136.26869201660156
    ],
    "e0": [
      11.386857032775879,
      6.794503211975098,
      10.441573143005371,
      11.782670974731445,
      8.177125930786133
    ],
    "e1": [
      5.8390984535217285,
      7.413425445556641,
      3.407616138458252,
      4.860934257507324,
      5.445513725280762
    ],
    "separations": [
      0,
      9,
      6,
      3,
      5
    ],
    "sig_corrs": [
      0.0,
      0.0,
      0.0,
      0.0,
      0.0
    ],
    "mean_gap": -0.8222320556640625,
    "std_gap": 12.963222750669729,
    "mean_f0": 147.1871337890625,
    "mean_f1": 146.36490173339843,
    "mean_e0": 9.716546058654785,
    "mean_e1": 5.393317604064942,
    "mean_sep": 4.6,
    "mean_sig_corr": 0.0
  },
  "DECEPTION": {
    "gaps": [
      8.91162109375,
      -11.376083374023438,
      -3.965087890625,
      -6.4908905029296875,
      0.9671173095703125
    ],
    "f0": [
      153.6778564453125,
      153.24794006347656,
      140.91580200195312,
      136.07876586914062,
      148.61863708496094
    ],
    "f1": [
      162.5894775390625,
      141.87185668945312,
      136.95071411132812,
      129.58787536621094,
      149.58575439453125
    ],
    "e0": [
      10.90959358215332,
      10.094748497009277,
      9.449371337890625,
      10.861583709716797,
      10.68101978302002
    ],
    "e1": [
      6.977176666259766,
      5.0558037757873535,
      5.7396721839904785,
      3.29813814163208,
      9.96772575378418
    ],
    "separations": [
      1,
      14,
      6,
      8,
      12
    ],
    "sig_corrs": [
      -0.10471698098331948,
      -0.03754001134747073,
      -0.004068752253639285,
      0.15317811951894778,
      0.06794483775292262
    ],
    "mean_gap": -2.3906646728515626,
    "std_gap": 6.914401969123206,
    "mean_f0": 146.50780029296874,
    "mean_f1": 144.11713562011718,
    "mean_e0": 10.399263381958008,
    "mean_e1": 6.207703304290772,
    "mean_sep": 8.2,
    "mean_sig_corr": 0.014959442537488182
  },
  "DECEPTION\nNO_DIVORCE": {
    "gaps": [
      16.228378295898438,
      10.2664794921875,
      12.743453979492188,
      12.956787109375,
      12.465805053710938
    ],
    "f0": [
      145.8105926513672,
      152.35462951660156,
      147.04685974121094,
      150.9187469482422,
      150.63821411132812
    ],
    "f1": [
      162.03897094726562,
      162.62110900878906,
      159.79031372070312,
      163.8755340576172,
      163.10401916503906
    ],
    "e0": [
      11.768050193786621,
      11.488809585571289,
      11.061046600341797,
      12.030232429504395,
      11.2794771194458
    ],
    "e1": [
      5.352405071258545,
      7.000139236450195,
      6.275899887084961,
      6.032297611236572,
      5.8625807762146
    ],
    "separations": [
      0,
      0,
      0,
      0,
      0
    ],
    "sig_corrs": [
      -0.027267064649151795,
      0.00857367562524541,
      0.015823693552565583,
      0.010979113385086597,
      0.046936459644213564
    ],
    "mean_gap": 12.932180786132813,
    "std_gap": 1.909167934698628,
    "mean_f0": 149.35380859375,
    "mean_f1": 162.2859893798828,
    "mean_e0": 11.52552318572998,
    "mean_e1": 6.104664516448975,
    "mean_sep": 0.0,
    "mean_sig_corr": 0.011009175511591873
  }
}