{
  "blind_a3": {
    "gaps": [
      21.722320556640625,
      18.72357177734375,
      13.916854858398438,
      21.90478515625,
      19.554611206054688
    ],
    "f0": [
      143.74774169921875,
      142.64663696289062,
      150.34521484375,
      143.01783752441406,
      145.80746459960938
    ],
    "f1": [
      165.47006225585938,
      161.37020874023438,
      164.26206970214844,
      164.92262268066406,
      165.36207580566406
    ],
    "e0": [
      11.585046768188477,
      10.65093994140625,
      11.343111991882324,
      11.820144653320312,
      11.534439086914062
    ],
    "e1": [
      4.3442769050598145,
      4.409748554229736,
      6.704156875610352,
      4.518547534942627,
      5.016233444213867
    ],
    "mean_gap": 19.1644287109375,
    "std_gap": 2.8960660453423888,
    "mean_f0": 145.11297912597655,
    "mean_f1": 164.27740783691405,
    "mean_e0": 11.386736488342285,
    "mean_e1": 4.998592662811279
  },
  "obs_a3": {
    "gaps": [
      19.787811279296875,
      24.113754272460938,
      21.30706787109375,
      18.812591552734375,
      12.312286376953125
    ],
    "f0": [
      145.72674560546875,
      141.2977294921875,
      144.05462646484375,
      147.25479125976562,
      152.53147888183594
    ],
    "f1": [
      165.51455688476562,
      165.41148376464844,
      165.3616943359375,
      166.0673828125,
      164.84376525878906
    ],
    "e0": [
      11.920031547546387,
      12.035261154174805,
      11.897282600402832,
      12.17001724243164,
      10.704961776733398
    ],
    "e1": [
      5.324095249176025,
      3.9973433017730713,
      4.794926166534424,
      5.8991546630859375,
      6.600866317749023
    ],
    "mean_gap": 19.266702270507814,
    "std_gap": 3.911487605943705,
    "mean_f0": 146.1730743408203,
    "mean_f1": 165.4397766113281,
    "mean_e0": 11.745510864257813,
    "mean_e1": 5.323277139663697
  },
  "obs_a5": {
    "gaps": [
      34.302642822265625,
      39.42259216308594,
      38.798004150390625,
      41.778175354003906,
      29.570663452148438
    ],
    "f0": [
      116.86703491210938,
      112.96067810058594,
      114.71949768066406,
      107.68596649169922,
      121.54069519042969
    ],
    "f1": [
      151.169677734375,
      152.38327026367188,
      153.5175018310547,
      149.46414184570312,
      151.11135864257812
    ],
    "e0": [
      10.75260066986084,
      11.599292755126953,
      11.582088470458984,
      12.13398551940918,
      10.328662872314453
    ],
    "e1": [
      3.8920705318450928,
      3.714773178100586,
      3.8224880695343018,
      3.7783517837524414,
      4.4145283699035645
    ],
    "mean_gap": 36.77441558837891,
    "std_gap": 4.33933329161897,
    "mean_f0": 114.75477447509766,
    "mean_f1": 151.52919006347656,
    "mean_e0": 11.279326057434082,
    "mean_e1": 3.9244423866271974
  }
}