{
  "A_homogeneous": {
    "fitness": 170.2310791015625,
    "time": 1.9353038867314656,
    "displacement": 184.09336853027344
  },
  "B_bone_muscle": {
    "fitness": 147.4744415283203,
    "time": 2.0633109331130983,
    "displacement": 167.49256896972656
  },
  "C_extreme": {
    "fitness": 104.86117553710938,
    "time": 1.9216861089070638,
    "displacement": 118.03327178955078
  }
}