{
  "pairs_nocut": {
    "r01": 0.751,
    "r12": 0.668,
    "r02": 0.926
  },
  "pairs_cut": {
    "r01": 0.714,
    "r12": 0.527,
    "r02": 0.907
  },
  "neural_dist_nocut_mean": 2.454428195953369,
  "neural_dist_cut_before_mean": 2.3618009090423584,
  "neural_dist_cut_after_mean": 2.54705548286438,
  "pca_variance_explained": [
    0.4654960632324219,
    0.3053920567035675,
    0.15577425062656403,
    0.022604331374168396,
    0.0209115631878376,
    0.011385122314095497,
    0.00944242812693119,
    0.002926368499174714,
    0.0025145127438008785,
    0.002115995856001973
  ]
}