{
  "exp14e": {
    "label": "2D_synergy_env",
    "fitness": 208.65,
    "r_fx": 0.093
  },
  "exp16_3body": [
    {
      "label": "16a_sym_111",
      "mass": "1:1:1",
      "fitness": 177.0,
      "r01": 0.931,
      "r12": 0.912,
      "r02": 0.944,
      "elapsed": 4.2,
      "gen_log": [
        0,
        50,
        100,
        150,
        200,
        250,
        299
      ],
      "fitness_log": [
        52.743568420410156,
        162.89666748046875,
        171.78445434570312,
        175.21029663085938,
        175.55970764160156,
        176.83407592773438,
        177.0026092529297
      ]
    },
    {
      "label": "16b_asym_311",
      "mass": "3:1:1",
      "fitness": 113.8,
      "r01": -0.034,
      "r12": 0.835,
      "r02": -0.01,
      "elapsed": 3.9,
      "gen_log": [
        0,
        50,
        100,
        150,
        200,
        250,
        299
      ],
      "fitness_log": [
        53.40868377685547,
        104.10818481445312,
        107.37625885009766,
        110.58230590820312,
        111.69004821777344,
        112.6756820678711,
        113.80394744873047
      ]
    },
    {
      "label": "16c_grad_321",
      "mass": "3:2:1",
      "fitness": 101.11,
      "r01": 0.509,
      "r12": 0.604,
      "r02": 0.07,
      "elapsed": 3.9,
      "gen_log": [
        0,
        50,
        100,
        150,
        200,
        250,
        299
      ],
      "fitness_log": [
        34.95444869995117,
        87.47361755371094,
        92.07467651367188,
        94.8045883178711,
        97.10066986083984,
        100.0121841430664,
        101.11323547363281
      ]
    },
    {
      "label": "16d_mirror_515",
      "mass": "5:1:5",
      "fitness": 62.07,
      "r01": 0.722,
      "r12": 0.73,
      "r02": 0.996,
      "elapsed": 3.9,
      "gen_log": [
        0,
        50,
        100,
        150,
        200,
        250,
        299
      ],
      "fitness_log": [
        29.113750457763672,
        57.744224548339844,
        57.744224548339844,
        58.598121643066406,
        58.887298583984375,
        61.758949279785156,
        62.06855773925781
      ]
    }
  ]
}