{
  "exp_d_annealing": {
    "fitness_annealed": 174.1,
    "fitness_control": 174.07,
    "improvement": 0.0,
    "r_fx_annealed": 0.848,
    "r_fx_control": 0.847,
    "generations": [
      0,
      25,
      50,
      75,
      100,
      125,
      150,
      175,
      200,
      225,
      250,
      275,
      300,
      325,
      350,
      375,
      400,
      425,
      450,
      475,
      499
    ],
    "fitness": [
      53.495506286621094,
      101.85749816894531,
      103.21983337402344,
      103.21983337402344,
      103.72348022460938,
      107.94901275634766,
      113.05561828613281,
      118.57522583007812,
      129.7813720703125,
      139.44760131835938,
      152.0533447265625,
      163.80506896972656,
      170.66998291015625,
      174.05453491210938,
      174.10194396972656,
      174.10194396972656,
      174.10194396972656,
      174.10194396972656,
      174.10194396972656,
      174.10194396972656,
      174.10194396972656
    ],
    "rfx": [
      0.7081222801011078,
      0.04440316928240245,
      -0.04029608537375272,
      -0.04090271783992203,
      -0.019562088205362642,
      -0.0903988515372631,
      0.009923155950994413,
      0.03305144520847844,
      0.5832364873618092,
      0.37697450906019603,
      0.690973258447017,
      0.6936716566610239,
      0.670477957572962,
      0.9353950392892881,
      0.8455638194232086,
      0.8449621892494357,
      0.8431808693888216,
      0.8485892805195059,
      0.8445207920978033,
      0.8444411140917489,
      0.8483004006550862
    ],
    "mass_ratio": [
      10.0,
      10.0,
      10.0,
      10.0,
      10.0,
      7.096774193548387,
      5.2631578947368425,
      4.0,
      3.0769230769230766,
      2.3728813559322033,
      1.8181818181818183,
      1.36986301369863,
      1.0,
      1.0,
      1.0,
      1.0,
      1.0,
      1.0,
      1.0,
      1.0,
      1.0
    ],
    "control_gens": [
      0,
      50,
      100,
      150,
      200,
      250,
      300,
      350,
      400,
      450,
      499
    ],
    "control_fitness": [
      75.93082427978516,
      160.4939727783203,
      167.32643127441406,
      171.83595275878906,
      171.877197265625,
      172.45266723632812,
      173.41552734375,
      174.0651397705078,
      174.0651397705078,
      174.0651397705078,
      174.0651397705078
    ],
    "elapsed_min": 14.8
  },
  "exp_e_memory": {
    "phase1_final_fitness": 104.02,
    "phase1_final_rfx": -0.02,
    "phase2_final_fitness": 173.39,
    "phase2_final_rfx": 0.838,
    "control_fitness": 174.07,
    "memory_preserved": "False",
    "phase1_gens": [
      0,
      50,
      100,
      150,
      200,
      249
    ],
    "phase1_fitness": [
      44.023685455322266,
      101.7499008178711,
      103.33637237548828,
      103.86405181884766,
      103.86405181884766,
      104.01870727539062
    ],
    "phase1_rfx": [
      0.7817632470047456,
      -0.0006796416009560574,
      -0.029544004088365494,
      -0.024217024794805603,
      -0.024798254774085912,
      -0.020341743702486068
    ],
    "phase2_gens": [
      250,
      275,
      300,
      325,
      350,
      375,
      400,
      425,
      450,
      475,
      499
    ],
    "phase2_fitness": [
      149.7989959716797,
      165.57571411132812,
      167.69342041015625,
      169.07208251953125,
      170.99874877929688,
      171.19183349609375,
      171.32015991210938,
      172.4539337158203,
      173.3894500732422,
      173.3894500732422,
      173.3894500732422
    ],
    "phase2_rfx": [
      0.824203009719239,
      0.9115390516016092,
      0.9083619496280074,
      0.9456255402472455,
      0.9745248030934859,
      0.8620750586492321,
      0.861913150013728,
      0.8726177747768,
      0.8422896601097863,
      0.8430849320017991,
      0.8375221018016393
    ],
    "elapsed_min": 7.3
  },
  "exp_f_3body": {
    "F0_symmetric": {
      "masses": [
        1.0,
        1.0,
        1.0
      ],
      "fitness": 179.03,
      "r_01": 0.928,
      "r_02": 0.864,
      "r_12": 0.845,
      "elapsed_min": 2.5
    },
    "F1_partial": {
      "masses": [
        3.0,
        0.3,
        0.3
      ],
      "fitness": 151.25,
      "r_01": 0.497,
      "r_02": 0.407,
      "r_12": 0.639,
      "elapsed_min": 1.9
    },
    "F2_all_asym": {
      "masses": [
        3.0,
        1.0,
        0.3
      ],
      "fitness": 132.95,
      "r_01": 0.626,
      "r_02": 0.314,
      "r_12": 0.545,
      "elapsed_min": 2.4
    }
  }
}