{
  "phantom_sync": {
    "r02_nocut": [
      0.966,
      0.958,
      0.978,
      0.974,
      0.875,
      0.956,
      0.977,
      0.981,
      0.94,
      0.945,
      0.968,
      0.829,
      0.965,
      0.97,
      0.993,
      0.749,
      0.985,
      0.92,
      0.947,
      0.969
    ],
    "r02_cut300": [
      0.969,
      0.931,
      0.964,
      0.967,
      0.912,
      0.86,
      0.982,
      0.982,
      0.909,
      0.936,
      0.972,
      0.762,
      0.959,
      0.964,
      0.979,
      0.697,
      0.982,
      0.842,
      0.961,
      0.952
    ],
    "disp": [
      72.78,
      73.52,
      70.97,
      73.63,
      69.98,
      68.23,
      69.9,
      73.8,
      72.42,
      72.32,
      71.11,
      71.71,
      71.65,
      72.03,
      71.04,
      71.53,
      71.36,
      72.01,
      69.99,
      72.83
    ],
    "mean_nocut": 0.9422500000000001,
    "std_nocut": 0.05843361618109904,
    "mean_cut300": 0.9240999999999999,
    "std_cut300": 0.07583791927525438
  },
  "nocost_diff": {
    "rfx_sym": [
      0.6333,
      0.6373,
      0.9455,
      0.8055,
      0.8099,
      0.8923,
      0.86,
      0.8989,
      0.9012,
      0.7536,
      0.8978,
      0.9401,
      0.6781,
      0.3157,
      0.8905,
      0.7508,
      0.9329,
      0.8287,
      0.4465,
      0.8882
    ],
    "fit_sym": [
      167.0008544921875,
      163.49610900878906,
      170.9739227294922,
      163.38807678222656,
      164.09320068359375,
      174.4355926513672,
      171.07342529296875,
      169.40550231933594,
      168.6337432861328,
      169.37908935546875,
      169.81947326660156,
      172.50506591796875,
      167.6370086669922,
      170.11041259765625,
      165.82252502441406,
      167.90692138671875,
      167.35794067382812,
      170.55361938476562,
      168.485107421875,
      170.0428009033203
    ],
    "rfx_fric": [
      0.4395,
      0.0759,
      0.3985,
      0.2588,
      0.4015,
      0.38,
      0.2286,
      0.2227,
      0.5131,
      0.2747,
      0.3721,
      0.38,
      0.42,
      0.2391,
      0.0942,
      0.2401,
      0.2777,
      0.3246,
      0.1929,
      0.3685
    ],
    "fit_fric": [
      184.58938598632812,
      178.80548095703125,
      177.9773712158203,
      177.825927734375,
      180.57498168945312,
      177.89691162109375,
      180.37063598632812,
      178.94125366210938,
      177.55953979492188,
      176.80908203125,
      179.06991577148438,
      180.63351440429688,
      179.56553649902344,
      177.98472595214844,
      182.77796936035156,
      175.58619689941406,
      177.0325164794922,
      176.95736694335938,
      180.8983917236328,
      177.72479248046875
    ],
    "mean_sym_r": 0.7853399999999999,
    "std_sym_r": 0.16522601308510718,
    "mean_fric_r": 0.30512500000000004,
    "std_fric_r": 0.11119726109486691,
    "mean_sym_fit": 168.60601959228515,
    "mean_fric_fit": 178.97907485961915
  },
  "parasite": {
    "gaps": [
      16.389923095703125,
      23.305145263671875,
      16.299163818359375,
      19.676437377929688,
      25.210494995117188,
      22.956756591796875,
      21.898117065429688,
      13.076339721679688,
      20.25360107421875,
      15.53472900390625
    ],
    "f0": [
      148.6084747314453,
      140.70510864257812,
      149.22793579101562,
      145.5746612548828,
      139.2512969970703,
      142.80418395996094,
      141.55569458007812,
      151.44403076171875,
      144.7353973388672,
      147.6187744140625
    ],
    "f1": [
      164.99839782714844,
      164.01025390625,
      165.527099609375,
      165.2510986328125,
      164.4617919921875,
      165.7609405517578,
      163.4538116455078,
      164.52037048339844,
      164.98899841308594,
      163.15350341796875
    ],
    "e0": [
      11.190403938293457,
      12.268611907958984,
      11.503660202026367,
      11.865387916564941,
      12.937222480773926,
      12.716364860534668,
      11.916748046875,
      11.506356239318848,
      11.729216575622559,
      12.10071086883545
    ],
    "e1": [
      5.727094650268555,
      4.500226974487305,
      6.07060432434082,
      5.306575775146484,
      4.533722400665283,
      5.064111709594727,
      4.617377281188965,
      7.147579669952393,
      4.9780168533325195,
      6.922463417053223
    ],
    "mean_gap": 19.46007080078125,
    "std_gap": 3.771960134138537,
    "mean_f0": 145.15255584716797,
    "mean_f1": 164.6126266479492
  }
}