{
  "exp1_animation": {
    "fitness": 166.32473754882812
  },
  "exp2_bone_muscle": {
    "A_homogeneous": {
      "fitness": 170.2310791015625,
      "time": 1.9353038867314656,
      "displacement": 184.09336853027344
    },
    "B_bone_muscle": {
      "fitness": 147.4744415283203,
      "time": 2.0633109331130983,
      "displacement": 167.49256896972656
    },
    "C_extreme": {
      "fitness": 104.86117553710938,
      "time": 1.9216861089070638,
      "displacement": 118.03327178955078
    }
  },
  "exp3_dual_mode": {
    "A_close": {
      "fitness": 305.335693359375,
      "time": 3.078264856338501,
      "displacement": 290.0187683105469,
      "combined": true,
      "combine_step": 0
    },
    "B_medium": {
      "fitness": 345.20208740234375,
      "time": 3.022884277502696,
      "displacement": 254.76345825195312,
      "combined": true,
      "combine_step": 220
    },
    "C_far": {
      "fitness": 346.36810302734375,
      "time": 3.0136740962664286,
      "displacement": 249.970947265625,
      "combined": true,
      "combine_step": 310
    }
  },
  "total_time_min": 17.241102349758147
}